"module name","license","repository"
"3d-view@2.0.1","MIT","https://github.com/mikolalysenko/3d-view"
"@ampproject/remapping@2.3.0","Apache-2.0","https://github.com/ampproject/remapping"
"@babel/code-frame@7.26.2","MIT","https://github.com/babel/babel"
"@babel/compat-data@7.26.5","MIT","https://github.com/babel/babel"
"@babel/core@7.26.7","MIT","https://github.com/babel/babel"
"@babel/generator@7.26.5","MIT","https://github.com/babel/babel"
"@babel/helper-compilation-targets@7.26.5","MIT","https://github.com/babel/babel"
"@babel/helper-module-imports@7.25.9","MIT","https://github.com/babel/babel"
"@babel/helper-module-transforms@7.26.0","MIT","https://github.com/babel/babel"
"@babel/helper-plugin-utils@7.26.5","MIT","https://github.com/babel/babel"
"@babel/helper-string-parser@7.25.9","MIT","https://github.com/babel/babel"
"@babel/helper-validator-identifier@7.25.9","MIT","https://github.com/babel/babel"
"@babel/helper-validator-option@7.25.9","MIT","https://github.com/babel/babel"
"@babel/helpers@7.26.7","MIT","https://github.com/babel/babel"
"@babel/parser@7.26.7","MIT","https://github.com/babel/babel"
"@babel/plugin-transform-react-jsx-self@7.25.9","MIT","https://github.com/babel/babel"
"@babel/plugin-transform-react-jsx-source@7.25.9","MIT","https://github.com/babel/babel"
"@babel/runtime@7.26.7","MIT","https://github.com/babel/babel"
"@babel/template@7.25.9","MIT","https://github.com/babel/babel"
"@babel/traverse@7.26.7","MIT","https://github.com/babel/babel"
"@babel/types@7.26.7","MIT","https://github.com/babel/babel"
"@choojs/findup@0.2.1","MIT","https://github.com/choojs/findup"
"@emotion/babel-plugin@11.13.5","MIT","https://github.com/emotion-js/emotion/tree/main/packages/babel-plugin"
"@emotion/cache@11.14.0","MIT","https://github.com/emotion-js/emotion/tree/main/packages/cache"
"@emotion/hash@0.9.2","MIT","https://github.com/emotion-js/emotion/tree/main/packages/hash"
"@emotion/memoize@0.9.0","MIT","https://github.com/emotion-js/emotion/tree/main/packages/memoize"
"@emotion/react@11.14.0","MIT","https://github.com/emotion-js/emotion/tree/main/packages/react"
"@emotion/serialize@1.3.3","MIT","https://github.com/emotion-js/emotion/tree/main/packages/serialize"
"@emotion/sheet@1.4.0","MIT","https://github.com/emotion-js/emotion/tree/main/packages/sheet"
"@emotion/unitless@0.10.0","MIT","https://github.com/emotion-js/emotion/tree/main/packages/unitless"
"@emotion/use-insertion-effect-with-fallbacks@1.2.0","MIT","https://github.com/emotion-js/emotion/tree/main/packages/use-insertion-effect-with-fallbacks"
"@emotion/utils@1.4.2","MIT","https://github.com/emotion-js/emotion/tree/main/packages/utils"
"@emotion/weak-memoize@0.4.0","MIT","https://github.com/emotion-js/emotion/tree/main/packages/weak-memoize"
"@esbuild/linux-x64@0.24.2","MIT","https://github.com/evanw/esbuild"
"@eslint-community/eslint-utils@4.4.1","MIT","https://github.com/eslint-community/eslint-utils"
"@eslint-community/regexpp@4.12.1","MIT","https://github.com/eslint-community/regexpp"
"@eslint/config-array@0.19.1","Apache-2.0","https://github.com/eslint/rewrite"
"@eslint/core@0.10.0","Apache-2.0","https://github.com/eslint/rewrite"
"@eslint/eslintrc@3.2.0","MIT","https://github.com/eslint/eslintrc"
"@eslint/js@9.19.0","MIT","https://github.com/eslint/eslint"
"@eslint/object-schema@2.1.5","Apache-2.0","https://github.com/eslint/rewrite"
"@eslint/plugin-kit@0.2.5","Apache-2.0","https://github.com/eslint/rewrite"
"@ethersproject/abi@5.7.0","MIT","https://github.com/ethers-io/ethers.js"
"@ethersproject/abstract-provider@5.7.0","MIT","https://github.com/ethers-io/ethers.js"
"@ethersproject/abstract-signer@5.7.0","MIT","https://github.com/ethers-io/ethers.js"
"@ethersproject/address@5.7.0","MIT","https://github.com/ethers-io/ethers.js"
"@ethersproject/base64@5.7.0","MIT","https://github.com/ethers-io/ethers.js"
"@ethersproject/basex@5.7.0","MIT","https://github.com/ethers-io/ethers.js"
"@ethersproject/bignumber@5.7.0","MIT","https://github.com/ethers-io/ethers.js"
"@ethersproject/bytes@5.7.0","MIT","https://github.com/ethers-io/ethers.js"
"@ethersproject/constants@5.7.0","MIT","https://github.com/ethers-io/ethers.js"
"@ethersproject/contracts@5.7.0","MIT","https://github.com/ethers-io/ethers.js"
"@ethersproject/hash@5.7.0","MIT","https://github.com/ethers-io/ethers.js"
"@ethersproject/hdnode@5.7.0","MIT","https://github.com/ethers-io/ethers.js"
"@ethersproject/json-wallets@5.7.0","MIT","https://github.com/ethers-io/ethers.js"
"@ethersproject/keccak256@5.7.0","MIT","https://github.com/ethers-io/ethers.js"
"@ethersproject/logger@5.7.0","MIT","https://github.com/ethers-io/ethers.js"
"@ethersproject/networks@5.7.1","MIT","https://github.com/ethers-io/ethers.js"
"@ethersproject/pbkdf2@5.7.0","MIT","https://github.com/ethers-io/ethers.js"
"@ethersproject/properties@5.7.0","MIT","https://github.com/ethers-io/ethers.js"
"@ethersproject/providers@5.7.2","MIT","https://github.com/ethers-io/ethers.js"
"@ethersproject/random@5.7.0","MIT","https://github.com/ethers-io/ethers.js"
"@ethersproject/rlp@5.7.0","MIT","https://github.com/ethers-io/ethers.js"
"@ethersproject/sha2@5.7.0","MIT","https://github.com/ethers-io/ethers.js"
"@ethersproject/signing-key@5.7.0","MIT","https://github.com/ethers-io/ethers.js"
"@ethersproject/solidity@5.7.0","MIT","https://github.com/ethers-io/ethers.js"
"@ethersproject/strings@5.7.0","MIT","https://github.com/ethers-io/ethers.js"
"@ethersproject/transactions@5.7.0","MIT","https://github.com/ethers-io/ethers.js"
"@ethersproject/units@5.7.0","MIT","https://github.com/ethers-io/ethers.js"
"@ethersproject/wallet@5.7.0","MIT","https://github.com/ethers-io/ethers.js"
"@ethersproject/web@5.7.1","MIT","https://github.com/ethers-io/ethers.js"
"@ethersproject/wordlists@5.7.0","MIT","https://github.com/ethers-io/ethers.js"
"@floating-ui/core@1.6.9","MIT","https://github.com/floating-ui/floating-ui"
"@floating-ui/dom@1.6.13","MIT","https://github.com/floating-ui/floating-ui"
"@floating-ui/react-dom@2.1.2","MIT","https://github.com/floating-ui/floating-ui"
"@floating-ui/react@0.26.28","MIT","https://github.com/floating-ui/floating-ui"
"@floating-ui/utils@0.2.9","MIT","https://github.com/floating-ui/floating-ui"
"@humanfs/core@0.19.1","Apache-2.0","https://github.com/humanwhocodes/humanfs"
"@humanfs/node@0.16.6","Apache-2.0","https://github.com/humanwhocodes/humanfs"
"@humanwhocodes/module-importer@1.0.1","Apache-2.0","https://github.com/humanwhocodes/module-importer"
"@humanwhocodes/retry@0.3.1","Apache-2.0","https://github.com/humanwhocodes/retry"
"@humanwhocodes/retry@0.4.1","Apache-2.0","https://github.com/humanwhocodes/retry"
"@icons/material@0.2.4","MIT","https://github.com/at-icons/material"
"@jridgewell/gen-mapping@0.3.8","MIT","https://github.com/jridgewell/gen-mapping"
"@jridgewell/resolve-uri@3.1.2","MIT","https://github.com/jridgewell/resolve-uri"
"@jridgewell/set-array@1.2.1","MIT","https://github.com/jridgewell/set-array"
"@jridgewell/source-map@0.3.6","MIT","https://github.com/jridgewell/source-map"
"@jridgewell/sourcemap-codec@1.5.0","MIT","https://github.com/jridgewell/sourcemap-codec"
"@jridgewell/trace-mapping@0.3.25","MIT","https://github.com/jridgewell/trace-mapping"
"@mantine/core@7.16.1","MIT","https://github.com/mantinedev/mantine"
"@mantine/hooks@7.16.1","MIT","https://github.com/mantinedev/mantine"
"@mapbox/geojson-rewind@0.5.2","ISC","https://github.com/mapbox/geojson-rewind"
"@mapbox/geojson-types@1.0.2","ISC",""
"@mapbox/jsonlint-lines-primitives@2.0.2","Custom: https://github.com/tmcw/jsonlint","https://github.com/mapbox/jsonlint"
"@mapbox/mapbox-gl-supported@1.5.0","BSD-3-Clause","https://github.com/mapbox/mapbox-gl-supported"
"@mapbox/point-geometry@0.1.0","ISC","https://github.com/mapbox/point-geometry"
"@mapbox/tiny-sdf@1.2.5","BSD-2-Clause","https://github.com/mapbox/tiny-sdf"
"@mapbox/tiny-sdf@2.0.6","BSD-2-Clause","https://github.com/mapbox/tiny-sdf"
"@mapbox/unitbezier@0.0.0","BSD-2-Clause","https://github.com/mapbox/unitbezier"
"@mapbox/unitbezier@0.0.1","BSD-2-Clause","https://github.com/mapbox/unitbezier"
"@mapbox/vector-tile@1.3.1","BSD-3-Clause","https://github.com/mapbox/vector-tile-js"
"@mapbox/whoots-js@3.1.0","ISC","https://github.com/mapbox/whoots-js"
"@maplibre/maplibre-gl-style-spec@19.3.3","ISC","https://github.com/maplibre/maplibre-gl-style-spec"
"@maplibre/maplibre-gl-style-spec@20.4.0","ISC","https://github.com/maplibre/maplibre-gl-style-spec"
"@nodelib/fs.scandir@2.1.5","MIT","https://github.com/nodelib/nodelib/tree/master/packages/fs/fs.scandir"
"@nodelib/fs.stat@2.0.5","MIT","https://github.com/nodelib/nodelib/tree/master/packages/fs/fs.stat"
"@nodelib/fs.walk@1.2.8","MIT","https://github.com/nodelib/nodelib/tree/master/packages/fs/fs.walk"
"@plotly/d3-sankey-circular@0.33.1","MIT","https://github.com/plotly/d3-sankey-circular"
"@plotly/d3-sankey@0.7.2","BSD-3-Clause","https://github.com/d3/d3-sankey"
"@plotly/d3@3.8.2","BSD-3-Clause","https://github.com/plotly/d3"
"@plotly/draft-js-export-html@1.2.0","ISC","https://github.com/sstur/draft-js-utils/tree/master/packages/draft-js-export-html"
"@plotly/mapbox-gl@1.13.4","MIT*","https://github.com/plotly/mapbox-gl-js"
"@plotly/point-cluster@3.1.9","MIT","https://github.com/plotly/point-cluster"
"@plotly/regl@2.1.2","MIT","https://github.com/plotly/regl"
"@rollup/rollup-linux-x64-gnu@4.32.0","MIT","https://github.com/rollup/rollup"
"@rollup/rollup-linux-x64-musl@4.32.0","MIT","https://github.com/rollup/rollup"
"@tailwindcss/node@4.0.0","MIT","https://github.com/tailwindlabs/tailwindcss"
"@tailwindcss/oxide-linux-x64-gnu@4.0.0","MIT","https://github.com/tailwindlabs/tailwindcss"
"@tailwindcss/oxide-linux-x64-musl@4.0.0","MIT","https://github.com/tailwindlabs/tailwindcss"
"@tailwindcss/oxide@4.0.0","MIT","https://github.com/tailwindlabs/tailwindcss"
"@tailwindcss/vite@4.0.0","MIT","https://github.com/tailwindlabs/tailwindcss"
"@turf/area@6.5.0","MIT","https://github.com/Turfjs/turf"
"@turf/area@7.2.0","MIT","https://github.com/Turfjs/turf"
"@turf/bbox@6.5.0","MIT","https://github.com/Turfjs/turf"
"@turf/bbox@7.2.0","MIT","https://github.com/Turfjs/turf"
"@turf/centroid@6.5.0","MIT","https://github.com/Turfjs/turf"
"@turf/centroid@7.2.0","MIT","https://github.com/Turfjs/turf"
"@turf/helpers@6.5.0","MIT","https://github.com/Turfjs/turf"
"@turf/helpers@7.2.0","MIT","https://github.com/Turfjs/turf"
"@turf/meta@6.5.0","MIT","https://github.com/Turfjs/turf"
"@turf/meta@7.2.0","MIT","https://github.com/Turfjs/turf"
"@types/babel__core@7.20.5","MIT","https://github.com/DefinitelyTyped/DefinitelyTyped"
"@types/babel__generator@7.6.8","MIT","https://github.com/DefinitelyTyped/DefinitelyTyped"
"@types/babel__template@7.4.4","MIT","https://github.com/DefinitelyTyped/DefinitelyTyped"
"@types/babel__traverse@7.20.6","MIT","https://github.com/DefinitelyTyped/DefinitelyTyped"
"@types/cookie@0.6.0","MIT","https://github.com/DefinitelyTyped/DefinitelyTyped"
"@types/eslint-scope@3.7.7","MIT","https://github.com/DefinitelyTyped/DefinitelyTyped"
"@types/eslint@9.6.1","MIT","https://github.com/DefinitelyTyped/DefinitelyTyped"
"@types/estree@1.0.6","MIT","https://github.com/DefinitelyTyped/DefinitelyTyped"
"@types/geojson-vt@3.2.5","MIT","https://github.com/DefinitelyTyped/DefinitelyTyped"
"@types/geojson@7946.0.16","MIT","https://github.com/DefinitelyTyped/DefinitelyTyped"
"@types/json-schema@7.0.15","MIT","https://github.com/DefinitelyTyped/DefinitelyTyped"
"@types/mapbox-gl@3.4.1","MIT","https://github.com/DefinitelyTyped/DefinitelyTyped"
"@types/mapbox__point-geometry@0.1.4","MIT","https://github.com/DefinitelyTyped/DefinitelyTyped"
"@types/mapbox__vector-tile@1.3.4","MIT","https://github.com/DefinitelyTyped/DefinitelyTyped"
"@types/node@22.10.10","MIT","https://github.com/DefinitelyTyped/DefinitelyTyped"
"@types/parse-json@4.0.2","MIT","https://github.com/DefinitelyTyped/DefinitelyTyped"
"@types/pbf@3.0.5","MIT","https://github.com/DefinitelyTyped/DefinitelyTyped"
"@types/plotly.js@2.35.2","MIT","https://github.com/DefinitelyTyped/DefinitelyTyped"
"@types/prop-types@15.7.14","MIT","https://github.com/DefinitelyTyped/DefinitelyTyped"
"@types/react-dom@18.3.5","MIT","https://github.com/DefinitelyTyped/DefinitelyTyped"
"@types/react-plotly.js@2.6.3","MIT","https://github.com/DefinitelyTyped/DefinitelyTyped"
"@types/react@18.3.18","MIT","https://github.com/DefinitelyTyped/DefinitelyTyped"
"@types/supercluster@7.1.3","MIT","https://github.com/DefinitelyTyped/DefinitelyTyped"
"@typescript-eslint/eslint-plugin@8.21.0","MIT","https://github.com/typescript-eslint/typescript-eslint"
"@typescript-eslint/parser@8.21.0","MIT","https://github.com/typescript-eslint/typescript-eslint"
"@typescript-eslint/scope-manager@8.21.0","MIT","https://github.com/typescript-eslint/typescript-eslint"
"@typescript-eslint/type-utils@8.21.0","MIT","https://github.com/typescript-eslint/typescript-eslint"
"@typescript-eslint/types@8.21.0","MIT","https://github.com/typescript-eslint/typescript-eslint"
"@typescript-eslint/typescript-estree@8.21.0","MIT","https://github.com/typescript-eslint/typescript-eslint"
"@typescript-eslint/utils@8.21.0","MIT","https://github.com/typescript-eslint/typescript-eslint"
"@typescript-eslint/visitor-keys@8.21.0","MIT","https://github.com/typescript-eslint/typescript-eslint"
"@vitejs/plugin-react@4.3.4","MIT","https://github.com/vitejs/vite-plugin-react"
"@webassemblyjs/ast@1.14.1","MIT","https://github.com/xtuc/webassemblyjs"
"@webassemblyjs/floating-point-hex-parser@1.13.2","MIT","https://github.com/xtuc/webassemblyjs"
"@webassemblyjs/helper-api-error@1.13.2","MIT","https://github.com/xtuc/webassemblyjs"
"@webassemblyjs/helper-buffer@1.14.1","MIT","https://github.com/xtuc/webassemblyjs"
"@webassemblyjs/helper-numbers@1.13.2","MIT","https://github.com/xtuc/webassemblyjs"
"@webassemblyjs/helper-wasm-bytecode@1.13.2","MIT","https://github.com/xtuc/webassemblyjs"
"@webassemblyjs/helper-wasm-section@1.14.1","MIT","https://github.com/xtuc/webassemblyjs"
"@webassemblyjs/ieee754@1.13.2","MIT","https://github.com/xtuc/webassemblyjs"
"@webassemblyjs/leb128@1.13.2","Apache-2.0","https://github.com/xtuc/webassemblyjs"
"@webassemblyjs/utf8@1.13.2","MIT","https://github.com/xtuc/webassemblyjs"
"@webassemblyjs/wasm-edit@1.14.1","MIT","https://github.com/xtuc/webassemblyjs"
"@webassemblyjs/wasm-gen@1.14.1","MIT","https://github.com/xtuc/webassemblyjs"
"@webassemblyjs/wasm-opt@1.14.1","MIT","https://github.com/xtuc/webassemblyjs"
"@webassemblyjs/wasm-parser@1.14.1","MIT","https://github.com/xtuc/webassemblyjs"
"@webassemblyjs/wast-printer@1.14.1","MIT","https://github.com/xtuc/webassemblyjs"
"@xtuc/ieee754@1.2.0","BSD-3-Clause","https://github.com/feross/ieee754"
"@xtuc/long@4.2.2","Apache-2.0","https://github.com/dcodeIO/long.js"
"a-big-triangle@1.0.3","MIT","https://github.com/mikolalysenko/a-big-triangle"
"abs-svg-path@0.1.1","MIT","https://github.com/jkroso/abs-svg-path"
"acorn-jsx@5.3.2","MIT","https://github.com/acornjs/acorn-jsx"
"acorn@7.4.1","MIT","https://github.com/acornjs/acorn"
"acorn@8.14.0","MIT","https://github.com/acornjs/acorn"
"add-dom-event-listener@1.1.0","MIT","https://github.com/yiminghe/add-dom-event-listener"
"add-line-numbers@1.0.1","MIT","https://github.com/Jam3/add-line-numbers"
"aes-js@3.0.0","MIT","https://github.com/ricmoo/aes-js"
"affine-hull@1.0.0","MIT","https://github.com/mikolalysenko/affine-hull"
"ajv-formats@2.1.1","MIT","https://github.com/ajv-validator/ajv-formats"
"ajv-keywords@3.5.2","MIT","https://github.com/epoberezkin/ajv-keywords"
"ajv-keywords@5.1.0","MIT","https://github.com/epoberezkin/ajv-keywords"
"ajv@6.12.6","MIT","https://github.com/ajv-validator/ajv"
"ajv@8.17.1","MIT","https://github.com/ajv-validator/ajv"
"almost-equal@1.1.0","MIT","https://github.com/mikolalysenko/almost-equal"
"alpha-complex@1.0.0","MIT","https://github.com/mikolalysenko/alpha-complex"
"alpha-shape@1.0.0","MIT","https://github.com/mikolalysenko/alpha-shape"
"ansi-styles@4.3.0","MIT","https://github.com/chalk/ansi-styles"
"argparse@2.0.1","Python-2.0","https://github.com/nodeca/argparse"
"arr-union@3.1.0","MIT","https://github.com/jonschlinkert/arr-union"
"array-bounds@1.0.1","MIT","https://github.com/dfcreative/array-bounds"
"array-find-index@1.0.2","MIT","https://github.com/sindresorhus/array-find-index"
"array-normalize@1.1.4","MIT","https://github.com/dfcreative/array-normalize"
"array-range@1.0.1","MIT","https://github.com/mattdesl/array-range"
"array-rearrange@2.2.2","MIT","https://github.com/dfcreative/array-rearrange"
"asap@2.0.6","MIT","https://github.com/kriskowal/asap"
"assign-symbols@1.0.0","MIT","https://github.com/jonschlinkert/assign-symbols"
"asynckit@0.4.0","MIT","https://github.com/alexindigo/asynckit"
"atob-lite@1.0.0","MIT","https://github.com/hughsk/atob-lite"
"axios@1.7.9","MIT","https://github.com/axios/axios"
"babel-plugin-macros@3.1.0","MIT","https://github.com/kentcdodds/babel-plugin-macros"
"babel-runtime@6.26.0","MIT","https://github.com/babel/babel/tree/master/packages/babel-runtime"
"balanced-match@1.0.2","MIT","https://github.com/juliangruber/balanced-match"
"barycentric@1.0.1","MIT","https://github.com/mikolalysenko/barycentric"
"base64-arraybuffer@1.0.2","MIT","https://github.com/niklasvh/base64-arraybuffer"
"bech32@1.1.4","MIT","https://github.com/bitcoinjs/bech32"
"big-rat@1.0.4","MIT","https://github.com/rat-nest/big-rat"
"binary-search-bounds@2.0.5","MIT","https://github.com/mikolalysenko/binary-search-bounds"
"bit-twiddle@0.0.2","MIT","https://github.com/mikolalysenko/bit-twiddle"
"bit-twiddle@1.0.2","MIT","https://github.com/mikolalysenko/bit-twiddle"
"bitmap-sdf@1.0.4","MIT","https://github.com/dfcreative/bitmap-sdf"
"bl@2.2.1","MIT","https://github.com/rvagg/bl"
"bn.js@4.12.1","MIT","https://github.com/indutny/bn.js"
"bn.js@5.2.1","MIT","https://github.com/indutny/bn.js"
"boundary-cells@2.0.2","MIT","https://github.com/mikolalysenko/boundary-cells"
"box-intersect@1.0.2","MIT","https://github.com/mikolalysenko/box-intersect"
"brace-expansion@1.1.11","MIT","https://github.com/juliangruber/brace-expansion"
"brace-expansion@2.0.1","MIT","https://github.com/juliangruber/brace-expansion"
"braces@3.0.3","MIT","https://github.com/micromatch/braces"
"brorand@1.1.0","MIT","https://github.com/indutny/brorand"
"browserslist@4.24.4","MIT","https://github.com/browserslist/browserslist"
"buffer-from@1.1.2","MIT","https://github.com/LinusU/buffer-from"
"bytewise-core@1.2.3","MIT","https://github.com/deanlandolt/bytewise-core"
"bytewise@1.1.0","MIT","https://github.com/deanlandolt/bytewise"
"callsites@3.1.0","MIT","https://github.com/sindresorhus/callsites"
"camelcase-css@2.0.1","MIT","https://github.com/stevenvachon/camelcase-css"
"caniuse-lite@1.0.30001695","CC-BY-4.0","https://github.com/browserslist/caniuse-lite"
"canvas-fit@1.5.0","MIT","https://github.com/hughsk/canvas-fit"
"cdt2d@1.0.0","MIT","https://github.com/mikolalysenko/cdt2d"
"cell-orientation@1.0.1","MIT","https://github.com/mikolalysenko/cell-orientation"
"chalk@4.1.2","MIT","https://github.com/chalk/chalk"
"chroma-js@1.4.1","BSD*","https://github.com/gka/chroma.js"
"chrome-trace-event@1.0.4","MIT","https://github.com/samccone/chrome-trace-event"
"circumcenter@1.0.0","MIT","https://github.com/mikolalysenko/circumcenter"
"circumradius@1.0.0","MIT","https://github.com/mikolalysenko/circumradius"
"clamp@1.0.1","MIT","https://github.com/hughsk/clamp"
"classnames@2.5.1","MIT","https://github.com/JedWatson/classnames"
"clean-pslg@1.1.2","MIT","https://github.com/mikolalysenko/clean-pslg"
"clsx@2.1.1","MIT","https://github.com/lukeed/clsx"
"color-alpha@1.0.4","MIT","https://github.com/colorjs/color-alpha"
"color-convert@2.0.1","MIT","https://github.com/Qix-/color-convert"
"color-id@1.1.0","MIT","https://github.com/colorjs/color-id"
"color-name@1.1.4","MIT","https://github.com/colorjs/color-name"
"color-normalize@1.5.0","MIT","https://github.com/colorjs/color-normalize"
"color-parse@1.3.8","MIT","https://github.com/colorjs/color-parse"
"color-parse@1.4.3","MIT","https://github.com/colorjs/color-parse"
"color-parse@2.0.0","MIT","https://github.com/colorjs/color-parse"
"color-rgba@2.1.1","MIT","https://github.com/colorjs/color-rgba"
"color-space@1.16.0","MIT","https://github.com/colorjs/color-space"
"colormap@2.3.2","MIT","https://github.com/bpostlethwaite/colormap"
"combined-stream@1.0.8","MIT","https://github.com/felixge/node-combined-stream"
"commander@2.20.3","MIT","https://github.com/tj/commander.js"
"compare-angle@1.0.1","MIT","https://github.com/mikolalysenko/compare-angle"
"compare-cell@1.0.0","MIT","https://github.com/mikolalysenko/compare-cells"
"compare-oriented-cell@1.0.1","MIT","https://github.com/mikolalysenko/compare-oriented-cell"
"component-classes@1.2.6","MIT","https://github.com/component/classes"
"component-indexof@0.0.3","MIT*","https://github.com/component/indexof"
"concat-map@0.0.1","MIT","https://github.com/substack/node-concat-map"
"concat-stream@1.6.2","MIT","https://github.com/maxogden/concat-stream"
"convert-source-map@1.9.0","MIT","https://github.com/thlorenz/convert-source-map"
"convert-source-map@2.0.0","MIT","https://github.com/thlorenz/convert-source-map"
"convex-hull@1.0.3","MIT","https://github.com/mikolalysenko/convex-hull"
"cookie@1.0.2","MIT","https://github.com/jshttp/cookie"
"core-js@1.2.7","MIT","https://github.com/zloirock/core-js"
"core-js@2.6.12","MIT","https://github.com/zloirock/core-js"
"core-js@3.40.0","MIT","https://github.com/zloirock/core-js"
"core-util-is@1.0.3","MIT","https://github.com/isaacs/core-util-is"
"cosmiconfig@7.1.0","MIT","https://github.com/davidtheclark/cosmiconfig"
"country-regex@1.1.0","MIT","https://github.com/etpinard/country-regex"
"cross-fetch@3.2.0","MIT","https://github.com/lquixada/cross-fetch"
"cross-spawn@7.0.6","MIT","https://github.com/moxystudio/node-cross-spawn"
"css-animation@1.6.1","MIT","https://github.com/yiminghe/css-animation"
"css-font-size-keywords@1.0.0","MIT","https://github.com/jedmao/css-font-size-keywords"
"css-font-stretch-keywords@1.0.1","MIT","https://github.com/jedmao/css-font-stretch-keywords"
"css-font-style-keywords@1.0.1","MIT","https://github.com/jedmao/css-font-style-keywords"
"css-font-weight-keywords@1.0.0","MIT","https://github.com/jedmao/css-font-weight-keywords"
"css-font@1.2.0","MIT","https://github.com/dy/css-font"
"css-global-keywords@1.0.1","MIT","https://github.com/jedmao/css-global-keywords"
"css-loader@7.1.2","MIT","https://github.com/webpack-contrib/css-loader"
"css-system-font-keywords@1.0.0","MIT","https://github.com/jedmao/css-system-font-keywords"
"csscolorparser@1.0.3","MIT","https://github.com/deanm/css-color-parser-js"
"cssesc@3.0.0","MIT","https://github.com/mathiasbynens/cssesc"
"csstype@3.1.3","MIT","https://github.com/frenic/csstype"
"cubic-hermite@1.0.0","MIT","https://github.com/mikolalysenko/cubic-hermite"
"cwise-compiler@1.1.3","MIT","https://github.com/scijs/cwise-compiler"
"d3-array@1.2.4","BSD-3-Clause","https://github.com/d3/d3-array"
"d3-collection@1.0.7","BSD-3-Clause","https://github.com/d3/d3-collection"
"d3-color@1.4.1","BSD-3-Clause","https://github.com/d3/d3-color"
"d3-color@3.1.0","ISC","https://github.com/d3/d3-color"
"d3-dispatch@1.0.6","BSD-3-Clause","https://github.com/d3/d3-dispatch"
"d3-force@1.2.1","BSD-3-Clause","https://github.com/d3/d3-force"
"d3-format@1.4.5","BSD-3-Clause","https://github.com/d3/d3-format"
"d3-geo-projection@2.9.0","BSD-3-Clause","https://github.com/d3/d3-geo-projection"
"d3-geo@1.12.1","BSD-3-Clause","https://github.com/d3/d3-geo"
"d3-hierarchy@1.1.9","BSD-3-Clause","https://github.com/d3/d3-hierarchy"
"d3-interpolate@1.4.0","BSD-3-Clause","https://github.com/d3/d3-interpolate"
"d3-interpolate@3.0.1","ISC","https://github.com/d3/d3-interpolate"
"d3-path@1.0.9","BSD-3-Clause","https://github.com/d3/d3-path"
"d3-quadtree@1.0.7","BSD-3-Clause","https://github.com/d3/d3-quadtree"
"d3-shape@1.3.7","BSD-3-Clause","https://github.com/d3/d3-shape"
"d3-time-format@2.3.0","BSD-3-Clause","https://github.com/d3/d3-time-format"
"d3-time@1.1.0","BSD-3-Clause","https://github.com/d3/d3-time"
"d3-timer@1.0.10","BSD-3-Clause","https://github.com/d3/d3-timer"
"d3@3.5.17","BSD-3-Clause","https://github.com/mbostock/d3"
"d@1.0.2","ISC","https://github.com/medikoo/d"
"debug@2.6.9","MIT","https://github.com/visionmedia/debug"
"debug@3.2.7","MIT","https://github.com/visionmedia/debug"
"debug@4.4.0","MIT","https://github.com/debug-js/debug"
"deep-is@0.1.4","MIT","https://github.com/thlorenz/deep-is"
"defined@1.0.1","MIT","https://github.com/inspect-js/defined"
"delaunay-triangulate@1.1.6","MIT","https://github.com/mikolalysenko/delaunay-triangulate"
"delayed-stream@1.0.0","MIT","https://github.com/felixge/node-delayed-stream"
"detect-kerning@2.1.2","MIT","https://github.com/dy/detect-kerning"
"detect-libc@1.0.3","Apache-2.0","https://github.com/lovell/detect-libc"
"detect-node-es@1.1.0","MIT","https://github.com/thekashey/detect-node"
"dom-align@1.12.4","MIT","https://github.com/yiminghe/dom-align"
"double-bits@1.1.1","MIT","https://github.com/mikolalysenko/double-bits"
"draft-js-import-element@1.4.0","ISC","https://github.com/sstur/draft-js-utils/tree/master/packages/draft-js-import-element"
"draft-js-import-html@1.4.1","ISC","https://github.com/sstur/draft-js-utils/tree/master/packages/draft-js-import-html"
"draft-js-utils@1.4.1","ISC","https://github.com/sstur/draft-js-utils/tree/master/packages/draft-js-utils"
"draft-js@0.10.5","BSD-3-Clause","https://github.com/facebook/draft-js"
"draft-js@0.11.7","MIT","https://github.com/facebook/draft-js"
"draw-svg-path@1.0.0","MIT","https://github.com/michaelrhodes/draw-svg-path"
"dtype@2.0.0","MIT","https://github.com/shama/dtype"
"dup@1.0.0","MIT","https://github.com/mikolalysenko/dup"
"duplexify@3.7.1","MIT","https://github.com/mafintosh/duplexify"
"earcut@2.2.4","ISC","https://github.com/mapbox/earcut"
"earcut@3.0.1","ISC","https://github.com/mapbox/earcut"
"edges-to-adjacency-list@1.0.0","MIT","https://github.com/mikolalysenko/edges-to-adjacency-list"
"electron-to-chromium@1.5.88","ISC","https://github.com/kilian/electron-to-chromium"
"element-size@1.1.1","MIT","https://github.com/hughsk/element-size"
"elementary-circuits-directed-graph@1.3.1","MIT","https://github.com/antoinerg/elementary-circuits-directed-graph"
"elliptic@6.5.4","MIT","https://github.com/indutny/elliptic"
"encoding@0.1.13","MIT","https://github.com/andris9/encoding"
"end-of-stream@1.4.4","MIT","https://github.com/mafintosh/end-of-stream"
"enhanced-resolve@5.18.0","MIT","https://github.com/webpack/enhanced-resolve"
"error-ex@1.3.2","MIT","https://github.com/qix-/node-error-ex"
"es-module-lexer@1.6.0","MIT","https://github.com/guybedford/es-module-lexer"
"es5-ext@0.10.64","ISC","https://github.com/medikoo/es5-ext"
"es6-iterator@2.0.3","MIT","https://github.com/medikoo/es6-iterator"
"es6-promise@4.2.8","MIT","https://github.com/stefanpenner/es6-promise"
"es6-symbol@3.1.4","ISC","https://github.com/medikoo/es6-symbol"
"es6-weak-map@2.0.3","ISC","https://github.com/medikoo/es6-weak-map"
"esbuild@0.24.2","MIT","https://github.com/evanw/esbuild"
"escalade@3.2.0","MIT","https://github.com/lukeed/escalade"
"escape-string-regexp@4.0.0","MIT","https://github.com/sindresorhus/escape-string-regexp"
"escodegen@2.1.0","BSD-2-Clause","https://github.com/estools/escodegen"
"eslint-plugin-react-hooks@5.1.0","MIT","https://github.com/facebook/react"
"eslint-plugin-react-refresh@0.4.18","MIT","https://github.com/ArnaudBarre/eslint-plugin-react-refresh"
"eslint-scope@5.1.1","BSD-2-Clause","https://github.com/eslint/eslint-scope"
"eslint-scope@8.2.0","BSD-2-Clause","https://github.com/eslint/js"
"eslint-visitor-keys@3.4.3","Apache-2.0","https://github.com/eslint/eslint-visitor-keys"
"eslint-visitor-keys@4.2.0","Apache-2.0","https://github.com/eslint/js"
"eslint@9.19.0","MIT","https://github.com/eslint/eslint"
"esniff@2.0.1","ISC","https://github.com/medikoo/esniff"
"espree@10.3.0","BSD-2-Clause","https://github.com/eslint/js"
"esprima@4.0.1","BSD-2-Clause","https://github.com/jquery/esprima"
"esquery@1.6.0","BSD-3-Clause","https://github.com/estools/esquery"
"esrecurse@4.3.0","BSD-2-Clause","https://github.com/estools/esrecurse"
"estraverse@4.3.0","BSD-2-Clause","https://github.com/estools/estraverse"
"estraverse@5.3.0","BSD-2-Clause","https://github.com/estools/estraverse"
"esutils@2.0.3","BSD-2-Clause","https://github.com/estools/esutils"
"ethers@5.7.2","MIT","https://github.com/ethers-io/ethers.js"
"event-emitter@0.3.5","MIT","https://github.com/medikoo/event-emitter"
"events@3.3.0","MIT","https://github.com/Gozala/events"
"ext@1.7.0","ISC","https://github.com/medikoo/es5-ext.git#ext"
"extend-shallow@2.0.1","MIT","https://github.com/jonschlinkert/extend-shallow"
"extend-shallow@3.0.2","MIT","https://github.com/jonschlinkert/extend-shallow"
"extract-frustum-planes@1.0.0","MIT","https://github.com/mikolalysenko/extract-frustum-planes"
"falafel@2.2.5","MIT","https://github.com/substack/node-falafel"
"fast-deep-equal@3.1.3","MIT","https://github.com/epoberezkin/fast-deep-equal"
"fast-glob@3.3.3","MIT","https://github.com/mrmlnc/fast-glob"
"fast-isnumeric@1.1.4","MIT","https://github.com/plotly/fast-isnumeric"
"fast-json-stable-stringify@2.1.0","MIT","https://github.com/epoberezkin/fast-json-stable-stringify"
"fast-levenshtein@2.0.6","MIT","https://github.com/hiddentao/fast-levenshtein"
"fast-uri@3.0.6","BSD-3-Clause","https://github.com/fastify/fast-uri"
"fastq@1.18.0","ISC","https://github.com/mcollina/fastq"
"fbjs-css-vars@1.0.2","MIT","https://github.com/facebook/fbjs"
"fbjs@0.8.18","MIT","https://github.com/facebook/fbjs"
"fbjs@2.0.0","MIT","https://github.com/facebook/fbjs"
"file-entry-cache@8.0.0","MIT","https://github.com/jaredwray/file-entry-cache"
"fill-range@7.1.1","MIT","https://github.com/jonschlinkert/fill-range"
"filtered-vector@1.2.5","MIT","https://github.com/mikolalysenko/filtered-vector"
"find-root@1.1.0","MIT","https://github.com/js-n/find-root"
"find-up@5.0.0","MIT","https://github.com/sindresorhus/find-up"
"flat-cache@4.0.1","MIT","https://github.com/jaredwray/flat-cache"
"flatted@3.3.2","ISC","https://github.com/WebReflection/flatted"
"flatten-vertex-data@1.0.2","MIT","https://github.com/glo-js/flatten-vertex-data"
"follow-redirects@1.15.9","MIT","https://github.com/follow-redirects/follow-redirects"
"font-atlas@2.1.0","MIT","https://github.com/hughsk/font-atlas"
"font-measure@1.2.2","MIT","https://github.com/dy/font-measure"
"form-data@4.0.1","MIT","https://github.com/form-data/form-data"
"from2@2.3.0","MIT","https://github.com/hughsk/from2"
"function-bind@1.1.2","MIT","https://github.com/Raynos/function-bind"
"functional-red-black-tree@1.0.1","MIT","https://github.com/mikolalysenko/functional-red-black-tree"
"gamma@0.1.0","MIT","https://github.com/substack/gamma.js"
"gensync@1.0.0-beta.2","MIT","https://github.com/loganfsmyth/gensync"
"geojson-vt@3.2.1","ISC","https://github.com/mapbox/geojson-vt"
"geojson-vt@4.0.2","ISC","https://github.com/mapbox/geojson-vt"
"get-canvas-context@1.0.2","MIT","https://github.com/Jam3/get-canvas-context"
"get-nonce@1.0.1","MIT","https://github.com/theKashey/get-nonce"
"get-stream@6.0.1","MIT","https://github.com/sindresorhus/get-stream"
"get-value@2.0.6","MIT","https://github.com/jonschlinkert/get-value"
"gl-axes3d@1.7.1","MIT","https://github.com/gl-vis/gl-axes3d"
"gl-buffer@2.1.2","MIT","https://github.com/stackgl/gl-buffer"
"gl-cone3d@1.6.1","MIT","https://github.com/gl-vis/gl-cone3d"
"gl-constants@1.0.0","MIT","https://github.com/mattdesl/gl-constants"
"gl-contour2d@1.1.7","MIT","https://github.com/gl-vis/gl-contour2d"
"gl-error3d@1.0.17","MIT","https://github.com/gl-vis/gl-error3d"
"gl-fbo@2.0.5","MIT","https://github.com/stackgl/gl-fbo"
"gl-format-compiler-error@1.0.3","Unlicense","https://github.com/wwwtyro/gl-format-compiler-error"
"gl-heatmap2d@1.1.1","MIT","https://github.com/gl-vis/gl-heatmap2d"
"gl-line3d@1.2.1","MIT","https://github.com/gl-vis/gl-line3d"
"gl-mat3@1.0.0","Custom: http://badges.github.io/stability-badges/dist/stable.svg","https://github.com/gl-modules/gl-mat3"
"gl-mat4@1.2.0","Zlib","https://github.com/stackgl/gl-mat4"
"gl-matrix@3.4.3","MIT","https://github.com/toji/gl-matrix"
"gl-mesh3d@2.3.2","MIT","https://github.com/gl-vis/gl-mesh3d"
"gl-plot2d@1.5.0","MIT","https://github.com/gl-vis/gl-plot2d"
"gl-plot3d@2.4.7","MIT","https://github.com/gl-vis/gl-plot3d"
"gl-pointcloud2d@1.0.3","MIT","https://github.com/gl-vis/gl-pointcloud2d"
"gl-quat@1.0.0","Zlib","https://github.com/stackgl/gl-quat"
"gl-scatter3d@1.4.1","MIT","https://github.com/gl-vis/gl-scatter3d"
"gl-select-box@1.0.4","MIT","https://github.com/gl-vis/gl-select-box"
"gl-select-static@2.0.7","MIT","https://github.com/gl-vis/gl-select-static"
"gl-shader@4.3.1","MIT","https://github.com/stackgl/gl-shader"
"gl-spikes2d@1.0.2","MIT","https://github.com/gl-vis/gl-spikes2d"
"gl-spikes3d@1.0.11","MIT","https://github.com/gl-vis/gl-spikes3d"
"gl-state@1.0.0","MIT","https://github.com/mikolalysenko/gl-state"
"gl-streamtube3d@1.4.2","MIT","https://github.com/gl-vis/gl-streamtube3d"
"gl-surface3d@1.6.2","MIT","https://github.com/gl-vis/gl-surface3d"
"gl-text@1.4.0","MIT","https://github.com/a-vis/gl-text"
"gl-texture2d@2.1.0","MIT","https://github.com/stackgl/gl-texture2d"
"gl-util@3.1.3","MIT","https://github.com/dy/gl-util"
"gl-vao@1.3.0","MIT","https://github.com/stackgl/gl-vao"
"gl-vec3@1.1.3","Custom: http://badges.github.io/stability-badges/dist/stable.svg","https://github.com/stackgl/gl-vec3"
"gl-vec4@1.0.1","Zlib","https://github.com/stackgl/gl-vec4"
"glob-parent@5.1.2","ISC","https://github.com/gulpjs/glob-parent"
"glob-parent@6.0.2","ISC","https://github.com/gulpjs/glob-parent"
"glob-to-regexp@0.4.1","BSD-2-Clause","https://github.com/fitzgen/glob-to-regexp"
"global-prefix@4.0.0","MIT","https://github.com/jonschlinkert/global-prefix"
"globals@11.12.0","MIT","https://github.com/sindresorhus/globals"
"globals@14.0.0","MIT","https://github.com/sindresorhus/globals"
"globals@15.14.0","MIT","https://github.com/sindresorhus/globals"
"glsl-inject-defines@1.0.3","MIT","https://github.com/mattdesl/glsl-inject-defines"
"glsl-inverse@1.0.0","MIT","https://github.com/stackgl/glsl-inverse"
"glsl-out-of-range@1.0.4","MIT","https://github.com/plotly/glsl-out-of-range"
"glsl-resolve@0.0.1","MIT","https://github.com/hughsk/glsl-resolve"
"glsl-shader-name@1.0.0","MIT","https://github.com/stackgl/glsl-shader-name"
"glsl-specular-beckmann@1.1.2","MIT","https://github.com/stackgl/glsl-specular-beckmann"
"glsl-specular-cook-torrance@2.0.1","MIT","https://github.com/stackgl/glsl-specular-cook-torrance"
"glsl-token-assignments@2.0.2","MIT","https://github.com/stackgl/glsl-token-assignments"
"glsl-token-defines@1.0.0","MIT","https://github.com/stackgl/glsl-token-defines"
"glsl-token-depth@1.1.2","MIT","https://github.com/stackgl/glsl-token-depth"
"glsl-token-descope@1.0.2","MIT","https://github.com/stackgl/glsl-token-descope"
"glsl-token-inject-block@1.1.0","MIT","https://github.com/Jam3/glsl-token-inject-block"
"glsl-token-properties@1.0.1","MIT","https://github.com/stackgl/glsl-token-properties"
"glsl-token-scope@1.1.2","MIT","https://github.com/stackgl/glsl-token-scope"
"glsl-token-string@1.0.1","MIT","https://github.com/stackgl/glsl-token-string"
"glsl-token-whitespace-trim@1.0.0","MIT","https://github.com/hughsk/glsl-token-whitespace-trim"
"glsl-tokenizer@2.1.5","MIT","https://github.com/gl-modules/glsl-tokenizer"
"glslify-bundle@5.1.1","MIT","https://github.com/stackgl/glslify-bundle"
"glslify-deps@1.3.2","ISC","https://github.com/stackgl/glslify-deps"
"glslify@7.1.1","MIT","https://github.com/stackgl/glslify"
"goober@2.1.16","MIT","https://github.com/cristianbote/goober"
"graceful-fs@4.2.11","ISC","https://github.com/isaacs/node-graceful-fs"
"graphemer@1.4.0","MIT","https://github.com/flmnt/graphemer"
"grid-index@1.1.0","ISC","https://github.com/mapbox/grid-index"
"has-flag@4.0.0","MIT","https://github.com/sindresorhus/has-flag"
"has-hover@1.0.1","MIT","https://github.com/dfcreative/has-hover"
"has-passive-events@1.0.0","MIT","https://github.com/dfcreative/has-passive-events"
"hash.js@1.1.7","MIT","https://github.com/indutny/hash.js"
"hasown@2.0.2","MIT","https://github.com/inspect-js/hasOwn"
"hmac-drbg@1.0.1","MIT","https://github.com/indutny/hmac-drbg"
"hoist-non-react-statics@3.3.2","BSD-3-Clause","https://github.com/mridgway/hoist-non-react-statics"
"hsluv@0.0.3","MIT","https://github.com/hsluv/hsluv"
"iconv-lite@0.4.24","MIT","https://github.com/ashtuchkin/iconv-lite"
"iconv-lite@0.6.3","MIT","https://github.com/ashtuchkin/iconv-lite"
"icss-utils@5.1.0","ISC","https://github.com/css-modules/icss-utils"
"ieee754@1.2.1","BSD-3-Clause","https://github.com/feross/ieee754"
"ignore@5.3.2","MIT","https://github.com/kaelzhang/node-ignore"
"image-size@0.7.5","MIT","https://github.com/image-size/image-size"
"immutability-helper@2.9.1","MIT","https://github.com/kolodny/immutability-helper"
"immutable@3.7.6","BSD-3-Clause","https://github.com/facebook/immutable-js"
"immutable@3.8.2","MIT","https://github.com/facebook/immutable-js"
"import-fresh@3.3.0","MIT","https://github.com/sindresorhus/import-fresh"
"imurmurhash@0.1.4","MIT","https://github.com/jensyt/imurmurhash-js"
"incremental-convex-hull@1.0.1","MIT","https://github.com/mikolalysenko/incremental-convex-hull"
"inherits@2.0.4","ISC","https://github.com/isaacs/inherits"
"ini@4.1.3","ISC","https://github.com/npm/ini"
"interval-tree-1d@1.0.4","MIT","https://github.com/mikolalysenko/interval-tree-1d"
"invariant@2.2.4","MIT","https://github.com/zertosh/invariant"
"invert-permutation@1.0.0","MIT","https://github.com/mikolalysenko/invert-permutation"
"iota-array@1.0.0","MIT","https://github.com/mikolalysenko/iota-array"
"is-arrayish@0.2.1","MIT","https://github.com/qix-/node-is-arrayish"
"is-browser@2.1.0","MIT","https://github.com/ForbesLindesay/is-browser"
"is-buffer@1.1.6","MIT","https://github.com/feross/is-buffer"
"is-core-module@2.16.1","MIT","https://github.com/inspect-js/is-core-module"
"is-extendable@0.1.1","MIT","https://github.com/jonschlinkert/is-extendable"
"is-extendable@1.0.1","MIT","https://github.com/jonschlinkert/is-extendable"
"is-extglob@2.1.1","MIT","https://github.com/jonschlinkert/is-extglob"
"is-finite@1.1.0","MIT","https://github.com/sindresorhus/is-finite"
"is-firefox@1.0.3","MIT","https://github.com/gillstrom/is-firefox"
"is-glob@4.0.3","MIT","https://github.com/micromatch/is-glob"
"is-iexplorer@1.0.0","MIT","https://github.com/kevva/is-iexplorer"
"is-mobile@2.2.2","MIT","https://github.com/juliangruber/is-mobile"
"is-mobile@4.0.0","MIT","https://github.com/juliangruber/is-mobile"
"is-number@7.0.0","MIT","https://github.com/jonschlinkert/is-number"
"is-obj@1.0.1","MIT","https://github.com/sindresorhus/is-obj"
"is-plain-obj@1.1.0","MIT","https://github.com/sindresorhus/is-plain-obj"
"is-plain-object@2.0.4","MIT","https://github.com/jonschlinkert/is-plain-object"
"is-stream@1.1.0","MIT","https://github.com/sindresorhus/is-stream"
"is-string-blank@1.0.1","MIT","https://github.com/plotly/is-string-blank"
"is-svg-path@1.0.2","MIT","https://github.com/dfcreative/is-svg-path"
"isarray@0.0.1","MIT","https://github.com/juliangruber/isarray"
"isarray@1.0.0","MIT","https://github.com/juliangruber/isarray"
"isarray@2.0.5","MIT","https://github.com/juliangruber/isarray"
"isexe@2.0.0","ISC","https://github.com/isaacs/isexe"
"isexe@3.1.1","ISC","https://github.com/isaacs/isexe"
"isobject@3.0.1","MIT","https://github.com/jonschlinkert/isobject"
"isomorphic-fetch@2.2.1","MIT","https://github.com/matthew-andrews/isomorphic-fetch"
"jest-worker@27.5.1","MIT","https://github.com/facebook/jest"
"jiti@2.4.2","MIT","https://github.com/unjs/jiti"
"js-sha3@0.8.0","MIT","https://github.com/emn178/js-sha3"
"js-tokens@4.0.0","MIT","https://github.com/lydell/js-tokens"
"js-yaml@4.1.0","MIT","https://github.com/nodeca/js-yaml"
"jsesc@3.1.0","MIT","https://github.com/mathiasbynens/jsesc"
"json-buffer@3.0.1","MIT","https://github.com/dominictarr/json-buffer"
"json-parse-even-better-errors@2.3.1","MIT","https://github.com/npm/json-parse-even-better-errors"
"json-schema-traverse@0.4.1","MIT","https://github.com/epoberezkin/json-schema-traverse"
"json-schema-traverse@1.0.0","MIT","https://github.com/epoberezkin/json-schema-traverse"
"json-stable-stringify-without-jsonify@1.0.1","MIT","https://github.com/samn/json-stable-stringify"
"json-stringify-pretty-compact@3.0.0","MIT","https://github.com/lydell/json-stringify-pretty-compact"
"json-stringify-pretty-compact@4.0.0","MIT","https://github.com/lydell/json-stringify-pretty-compact"
"json5@2.2.3","MIT","https://github.com/json5/json5"
"kdbush@3.0.0","ISC","https://github.com/mourner/kdbush"
"kdbush@4.0.2","ISC","https://github.com/mourner/kdbush"
"keyv@4.5.4","MIT","https://github.com/jaredwray/keyv"
"kind-of@6.0.3","MIT","https://github.com/jonschlinkert/kind-of"
"lerp@1.0.3","MIT","https://github.com/mattdesl/lerp"
"levn@0.4.1","MIT","https://github.com/gkz/levn"
"lightningcss-linux-x64-gnu@1.29.1","MPL-2.0","https://github.com/parcel-bundler/lightningcss"
"lightningcss-linux-x64-musl@1.29.1","MPL-2.0","https://github.com/parcel-bundler/lightningcss"
"lightningcss@1.29.1","MPL-2.0","https://github.com/parcel-bundler/lightningcss"
"lines-and-columns@1.2.4","MIT","https://github.com/eventualbuddha/lines-and-columns"
"loader-runner@4.3.0","MIT","https://github.com/webpack/loader-runner"
"locate-path@6.0.0","MIT","https://github.com/sindresorhus/locate-path"
"lodash-es@4.17.21","MIT","https://github.com/lodash/lodash"
"lodash.merge@4.6.2","MIT","https://github.com/lodash/lodash"
"lodash@4.17.21","MIT","https://github.com/lodash/lodash"
"loose-envify@1.4.0","MIT","https://github.com/zertosh/loose-envify"
"lru-cache@5.1.1","ISC","https://github.com/isaacs/node-lru-cache"
"map-limit@0.0.1","MIT","https://github.com/hughsk/map-limit"
"mapbox-gl@1.10.1","MIT*","https://github.com/mapbox/mapbox-gl-js"
"mapbox-gl@1.13.3","MIT*","https://github.com/mapbox/mapbox-gl-js"
"maplibre-gl@4.7.1","BSD-3-Clause","https://github.com/maplibre/maplibre-gl-js"
"marching-simplex-table@1.0.0","MIT","https://github.com/mikolalysenko/marching-simplex-table"
"mat4-decompose@1.0.4","MIT","https://github.com/mattdesl/mat4-decompose"
"mat4-interpolate@1.0.4","MIT","https://github.com/mattdesl/mat4-interpolate"
"mat4-recompose@1.0.4","MIT","https://github.com/mattdesl/mat4-recompose"
"material-colors@1.2.6","ISC","https://github.com/shuhei/material-colors"
"math-log2@1.0.1","MIT","https://github.com/sindresorhus/math-log2"
"matrix-camera-controller@2.1.4","MIT","https://github.com/mikolalysenko/matrix-camera-controller"
"mdi-react@5.2.0","(MIT AND OFL-1.1)","https://github.com/levrik/mdi-react"
"merge-stream@2.0.0","MIT","https://github.com/grncdr/merge-stream"
"merge2@1.4.1","MIT","https://github.com/teambition/merge2"
"micromatch@4.0.8","MIT","https://github.com/micromatch/micromatch"
"mime-db@1.52.0","MIT","https://github.com/jshttp/mime-db"
"mime-types@2.1.35","MIT","https://github.com/jshttp/mime-types"
"minimalistic-assert@1.0.1","ISC","https://github.com/calvinmetcalf/minimalistic-assert"
"minimalistic-crypto-utils@1.0.1","MIT","https://github.com/indutny/minimalistic-crypto-utils"
"minimatch@3.1.2","ISC","https://github.com/isaacs/minimatch"
"minimatch@9.0.5","ISC","https://github.com/isaacs/minimatch"
"minimist@1.2.8","MIT","https://github.com/minimistjs/minimist"
"monotone-convex-hull-2d@1.0.1","MIT","https://github.com/mikolalysenko/monotone-convex-hull-2d"
"mouse-change@1.4.0","MIT","https://github.com/mikolalysenko/mouse-change"
"mouse-event-offset@3.0.2","MIT","https://github.com/mattdesl/mouse-event-offset"
"mouse-event@1.0.5","MIT","https://github.com/mikolalysenko/mouse-event"
"mouse-wheel@1.2.0","MIT","https://github.com/mikolalysenko/mouse-wheel"
"ms@2.0.0","MIT","https://github.com/zeit/ms"
"ms@2.1.3","MIT","https://github.com/vercel/ms"
"mumath@3.3.4","Unlicense","https://github.com/dfcreative/mumath"
"murmurhash-js@1.0.0","MIT","https://github.com/mikolalysenko/murmurhash-js"
"nanoid@3.3.8","MIT","https://github.com/ai/nanoid"
"native-promise-only@0.8.1","MIT","https://github.com/getify/native-promise-only"
"natural-compare@1.4.0","MIT","https://github.com/litejs/natural-compare-lite"
"ndarray-extract-contour@1.0.1","MIT","https://github.com/mikolalysenko/ndarray-extract-contour"
"ndarray-gradient@1.0.1","MIT","https://github.com/mikolalysenko/ndarray-gradient"
"ndarray-linear-interpolate@1.0.0","MIT","https://github.com/mikolalysenko/ndarray-linear-interpolate"
"ndarray-ops@1.2.2","MIT","https://github.com/mikolalysenko/ndarray-ops"
"ndarray-pack@1.2.1","MIT","https://github.com/mikolalysenko/ndarray-pack"
"ndarray-scratch@1.2.0","MIT","https://github.com/mikolalysenko/ndarray-scratch"
"ndarray-sort@1.0.1","MIT","https://github.com/mikolalysenko/ndarray-sort"
"ndarray@1.0.19","MIT","https://github.com/mikolalysenko/ndarray"
"needle@2.9.1","MIT","https://github.com/tomas/needle"
"neo-async@2.6.2","MIT","https://github.com/suguru03/neo-async"
"next-tick@1.1.0","ISC","https://github.com/medikoo/next-tick"
"nextafter@1.0.0","MIT","https://github.com/mikolalysenko/nextafter"
"node-fetch@1.7.3","MIT","https://github.com/bitinn/node-fetch"
"node-fetch@2.7.0","MIT","https://github.com/bitinn/node-fetch"
"node-releases@2.0.19","MIT","https://github.com/chicoxyzzy/node-releases"
"normalize-svg-path@0.1.0","MIT","https://github.com/jkroso/normalize-svg-path"
"normalize-svg-path@1.1.0","MIT","https://github.com/jkroso/normalize-svg-path"
"normals@1.1.0","MIT","https://github.com/mikolalysenko/normals"
"number-is-integer@1.0.1","MIT","https://github.com/sindresorhus/number-is-integer"
"numeric@1.2.6","MIT*","https://github.com/sloisel/numeric"
"object-assign@4.1.1","MIT","https://github.com/sindresorhus/object-assign"
"once@1.3.3","ISC","https://github.com/isaacs/once"
"once@1.4.0","ISC","https://github.com/isaacs/once"
"optionator@0.9.4","MIT","https://github.com/gkz/optionator"
"orbit-camera-controller@4.0.0","MIT","https://github.com/mikolalysenko/orbit-camera-controller"
"p-limit@3.1.0","MIT","https://github.com/sindresorhus/p-limit"
"p-locate@5.0.0","MIT","https://github.com/sindresorhus/p-locate"
"pad-left@1.0.2","MIT","https://github.com/jonschlinkert/pad-left"
"parent-module@1.0.1","MIT","https://github.com/sindresorhus/parent-module"
"parenthesis@3.1.8","MIT","https://github.com/dy/parenthesis"
"parse-json@5.2.0","MIT","https://github.com/sindresorhus/parse-json"
"parse-rect@1.2.0","MIT","https://github.com/dfcreative/parse-rect"
"parse-svg-path@0.1.2","MIT","https://github.com/jkroso/parse-svg-path"
"parse-unit@1.0.1","MIT","https://github.com/mattdesl/parse-unit"
"path-exists@4.0.0","MIT","https://github.com/sindresorhus/path-exists"
"path-key@3.1.1","MIT","https://github.com/sindresorhus/path-key"
"path-parse@1.0.7","MIT","https://github.com/jbgutierrez/path-parse"
"path-type@4.0.0","MIT","https://github.com/sindresorhus/path-type"
"pbf@3.3.0","BSD-3-Clause","https://github.com/mapbox/pbf"
"performance-now@2.1.0","MIT","https://github.com/braveg1rl/performance-now"
"permutation-parity@1.0.0","MIT","https://github.com/mikolalysenko/permutation-parity"
"permutation-rank@1.0.0","MIT","https://github.com/mikolalysenko/permutation-rank"
"pick-by-alias@1.2.0","MIT","https://github.com/dfcreative/pick-by-alias"
"picocolors@1.1.1","ISC","https://github.com/alexeyraspopov/picocolors"
"picomatch@2.3.1","MIT","https://github.com/micromatch/picomatch"
"planar-dual@1.0.2","MIT","https://github.com/mikolalysenko/planar-dual"
"planar-graph-to-polyline@1.0.6","MIT","https://github.com/mikolalysenko/planar-graph-to-polyline"
"plotly-icons@1.3.15","ISC","https://github.com/plotly/plotly-icons"
"plotly.js@1.58.5","MIT","https://github.com/plotly/plotly.js"
"plotly.js@2.35.3","MIT","https://github.com/plotly/plotly.js"
"point-in-big-polygon@2.0.1","MIT","https://github.com/mikolalysenko/point-in-big-polygon"
"point-in-polygon@1.1.0","MIT","https://github.com/substack/point-in-polygon"
"polybooljs@1.2.2","MIT","https://github.com/velipso/polybooljs"
"polytope-closest-point@1.0.0","MIT*","https://github.com/mikolalysenko/polytope-closest-point"
"postcss-js@4.0.1","MIT","https://github.com/postcss/postcss-js"
"postcss-mixins@9.0.4","MIT","https://github.com/postcss/postcss-mixins"
"postcss-modules-extract-imports@3.1.0","ISC","https://github.com/css-modules/postcss-modules-extract-imports"
"postcss-modules-local-by-default@4.2.0","MIT","https://github.com/css-modules/postcss-modules-local-by-default"
"postcss-modules-scope@3.2.1","ISC","https://github.com/css-modules/postcss-modules-scope"
"postcss-modules-values@4.0.0","ISC","https://github.com/css-modules/postcss-modules-values"
"postcss-nested@6.2.0","MIT","https://github.com/postcss/postcss-nested"
"postcss-preset-mantine@1.17.0","MIT","https://github.com/mantinedev/postcss-preset-mantine"
"postcss-selector-parser@6.1.2","MIT","https://github.com/postcss/postcss-selector-parser"
"postcss-selector-parser@7.0.0","MIT","https://github.com/postcss/postcss-selector-parser"
"postcss-simple-vars@7.0.1","MIT","https://github.com/postcss/postcss-simple-vars"
"postcss-value-parser@4.2.0","MIT","https://github.com/TrySound/postcss-value-parser"
"postcss@8.5.1","MIT","https://github.com/postcss/postcss"
"potpack@1.0.2","ISC","https://github.com/mapbox/potpack"
"potpack@2.0.0","ISC","https://github.com/mapbox/potpack"
"pragyan-hackathon@0.0.0","UNLICENSED",""
"prelude-ls@1.2.1","MIT","https://github.com/gkz/prelude-ls"
"probe-image-size@7.2.3","MIT","https://github.com/nodeca/probe-image-size"
"process-nextick-args@2.0.1","MIT","https://github.com/calvinmetcalf/process-nextick-args"
"promise@7.3.1","MIT","https://github.com/then/promise"
"prop-types@15.8.1","MIT","https://github.com/facebook/prop-types"
"protocol-buffers-schema@3.6.0","MIT","https://github.com/mafintosh/protocol-buffers-schema"
"proxy-from-env@1.1.0","MIT","https://github.com/Rob--W/proxy-from-env"
"punycode@2.3.1","MIT","https://github.com/mathiasbynens/punycode.js"
"quat-slerp@1.0.1","MIT","https://github.com/mattdesl/quat-slerp"
"queue-microtask@1.2.3","MIT","https://github.com/feross/queue-microtask"
"quickselect@2.0.0","ISC",""
"quickselect@3.0.0","ISC","https://github.com/mourner/quickselect"
"raf@3.4.1","MIT","https://github.com/chrisdickinson/raf"
"ramda@0.25.0","MIT","https://github.com/ramda/ramda"
"randombytes@2.1.0","MIT","https://github.com/crypto-browserify/randombytes"
"rat-vec@1.1.1","MIT","https://github.com/rat-nest/rat-vec"
"rc-align@2.4.5","MIT","https://github.com/react-component/align"
"rc-animate@2.11.1","MIT","https://github.com/react-component/animate"
"rc-slider@8.7.1","MIT","https://github.com/react-component/slider"
"rc-tooltip@3.7.3","MIT","https://github.com/react-component/tooltip"
"rc-trigger@2.6.5","MIT","https://github.com/react-component/trigger"
"rc-util@4.21.1","MIT","https://github.com/react-component/util"
"react-color@2.19.3","MIT","https://github.com/casesandberg/react-color"
"react-colorscales@0.4.3","MIT","https://github.com/plotly/react-colorscales"
"react-dom@18.3.1","MIT","https://github.com/facebook/react"
"react-hot-toast@2.5.1","MIT","https://github.com/timolins/react-hot-toast"
"react-input-autosize@2.2.2","MIT","https://github.com/JedWatson/react-input-autosize"
"react-is@16.13.1","MIT","https://github.com/facebook/react"
"react-lifecycles-compat@3.0.4","MIT","https://github.com/reactjs/react-lifecycles-compat"
"react-map-gl@7.1.8","MIT","https://github.com/visgl/react-map-gl"
"react-number-format@5.4.3","MIT","https://github.com/s-yadav/react-number-format"
"react-plotly.js-editor@0.10.2","MIT","https://github.com/plotly/react-plotly.js-editor"
"react-plotly.js@1.7.0","MIT","https://github.com/plotly/react-plotly.js"
"react-plotly.js@2.6.0","MIT","https://github.com/plotly/react-plotly.js"
"react-rangeslider@2.2.0","MIT","https://github.com/whoisandy/react-rangeslider"
"react-refresh@0.14.2","MIT","https://github.com/facebook/react"
"react-remove-scroll-bar@2.3.8","MIT","https://github.com/theKashey/react-remove-scroll-bar"
"react-remove-scroll@2.6.3","MIT","https://github.com/theKashey/react-remove-scroll"
"react-router-dom@7.1.3","MIT","https://github.com/remix-run/react-router"
"react-router@7.1.3","MIT","https://github.com/remix-run/react-router"
"react-select@1.3.0","MIT","https://github.com/JedWatson/react-select"
"react-style-singleton@2.2.3","MIT","https://github.com/theKashey/react-style-singleton"
"react-tabs@2.3.1","MIT","https://github.com/reactjs/react-tabs"
"react-textarea-autosize@8.5.6","MIT","https://github.com/Andarist/react-textarea-autosize"
"react@18.3.1","MIT","https://github.com/facebook/react"
"reactcss@1.2.3","MIT","https://github.com/casesandberg/reactcss"
"readable-stream@1.0.34","MIT","https://github.com/isaacs/readable-stream"
"readable-stream@2.3.8","MIT","https://github.com/nodejs/readable-stream"
"reduce-simplicial-complex@1.0.0","MIT","https://github.com/mikolalysenko/reduce-simplicial-complex"
"regenerator-runtime@0.11.1","MIT","https://github.com/facebook/regenerator/tree/master/packages/regenerator-runtime"
"regenerator-runtime@0.14.1","MIT","https://github.com/facebook/regenerator/tree/main/packages/runtime"
"regl-error2d@2.0.12","MIT","https://github.com/dy/regl-error2d"
"regl-line2d@3.1.3","MIT","https://github.com/dy/regl-line2d"
"regl-scatter2d@3.3.1","MIT","https://github.com/dy/regl-scatter2d"
"regl-splom@1.0.14","MIT","https://github.com/gl-vis/regl-splom"
"regl@1.7.0","MIT","https://github.com/regl-project/regl"
"repeat-string@1.6.1","MIT","https://github.com/jonschlinkert/repeat-string"
"require-from-string@2.0.2","MIT","https://github.com/floatdrop/require-from-string"
"resize-observer-polyfill@1.5.1","MIT","https://github.com/que-etc/resize-observer-polyfill"
"resolve-from@4.0.0","MIT","https://github.com/sindresorhus/resolve-from"
"resolve-protobuf-schema@2.1.0","MIT","https://github.com/mafintosh/resolve-protobuf-schema"
"resolve@0.6.3","MIT","https://github.com/substack/node-resolve"
"resolve@1.22.10","MIT","https://github.com/browserify/resolve"
"reusify@1.0.4","MIT","https://github.com/mcollina/reusify"
"right-now@1.0.0","MIT","https://github.com/hughsk/right-now"
"robust-compress@1.0.0","MIT","https://github.com/mikolalysenko/robust-compress"
"robust-determinant@1.1.0","MIT","https://github.com/mikolalysenko/robust-determinant"
"robust-dot-product@1.0.0","MIT","https://github.com/mikolalysenko/robust-dot-product"
"robust-in-sphere@1.2.1","MIT","https://github.com/mikolalysenko/robust-in-sphere"
"robust-linear-solve@1.0.0","MIT","https://github.com/mikolalysenko/robust-linear-solve"
"robust-orientation@1.2.1","MIT","https://github.com/mikolalysenko/robust-orientation"
"robust-product@1.0.0","MIT","https://github.com/mikolalysenko/robust-product"
"robust-scale@1.0.2","MIT","https://github.com/mikolalysenko/robust-scale"
"robust-segment-intersect@1.0.1","MIT","https://github.com/mikolalysenko/robust-segment-intersect"
"robust-subtract@1.0.0","MIT","https://github.com/mikolalysenko/robust-subtract"
"robust-sum@1.0.0","MIT","https://github.com/mikolalysenko/robust-sum"
"rollup@4.32.0","MIT","https://github.com/rollup/rollup"
"run-parallel@1.2.0","MIT","https://github.com/feross/run-parallel"
"rw@1.3.3","BSD-3-Clause","https://github.com/mbostock/rw"
"safe-buffer@5.1.2","MIT","https://github.com/feross/safe-buffer"
"safe-buffer@5.2.1","MIT","https://github.com/feross/safe-buffer"
"safer-buffer@2.1.2","MIT","https://github.com/ChALkeR/safer-buffer"
"sane-topojson@4.0.0","MIT","https://github.com/etpinard/sane-topojson"
"sax@1.4.1","ISC","https://github.com/isaacs/sax-js"
"scheduler@0.23.2","MIT","https://github.com/facebook/react"
"schema-utils@3.3.0","MIT","https://github.com/webpack/schema-utils"
"schema-utils@4.3.0","MIT","https://github.com/webpack/schema-utils"
"scrypt-js@3.0.1","MIT","https://github.com/ricmoo/scrypt-js"
"semver@6.3.1","ISC","https://github.com/npm/node-semver"
"semver@7.6.3","ISC","https://github.com/npm/node-semver"
"serialize-javascript@6.0.2","BSD-3-Clause","https://github.com/yahoo/serialize-javascript"
"set-cookie-parser@2.7.1","MIT","https://github.com/nfriedly/set-cookie-parser"
"set-value@2.0.1","MIT","https://github.com/jonschlinkert/set-value"
"setimmediate@1.0.5","MIT","https://github.com/YuzuJS/setImmediate"
"shallow-copy@0.0.1","MIT","https://github.com/substack/shallow-copy"
"shallowequal@1.1.0","MIT","https://github.com/dashed/shallowequal"
"shebang-command@2.0.0","MIT","https://github.com/kevva/shebang-command"
"shebang-regex@3.0.0","MIT","https://github.com/sindresorhus/shebang-regex"
"signum@0.0.0","MIT","https://github.com/mikolalysenko/signum"
"signum@1.0.0","MIT","https://github.com/mikolalysenko/signum"
"simplicial-complex-boundary@1.0.1","MIT","https://github.com/mikolalysenko/simplicial-complex-boundary"
"simplicial-complex-contour@1.0.2","MIT","https://github.com/mikolalysenko/simplicial-complex-contour"
"simplicial-complex@0.3.3","MIT","https://github.com/mikolalysenko/simplicial-complex"
"simplicial-complex@1.0.0","MIT","https://github.com/mikolalysenko/simplicial-complex"
"simplify-planar-graph@2.0.1","MIT","https://github.com/mikolalysenko/simplify-planar-graph"
"slab-decomposition@1.0.3","MIT","https://github.com/mikolalysenko/slab-decomposition"
"sort-asc@0.2.0","MIT","https://github.com/jonschlinkert/sort-asc"
"sort-desc@0.2.0","MIT","https://github.com/jonschlinkert/sort-desc"
"sort-object@3.0.3","MIT","https://github.com/doowb/sort-object"
"source-map-js@1.2.1","BSD-3-Clause","https://github.com/7rulnik/source-map-js"
"source-map-support@0.5.21","MIT","https://github.com/evanw/node-source-map-support"
"source-map@0.5.7","BSD-3-Clause","https://github.com/mozilla/source-map"
"source-map@0.6.1","BSD-3-Clause","https://github.com/mozilla/source-map"
"split-polygon@1.0.0","MIT","https://github.com/mikolalysenko/split-polygon"
"split-string@3.1.0","MIT","https://github.com/jonschlinkert/split-string"
"sprintf-js@1.1.3","BSD-3-Clause","https://github.com/alexei/sprintf.js"
"stack-trace@0.0.9","MIT*","https://github.com/felixge/node-stack-trace"
"static-eval@2.1.1","MIT","https://github.com/browserify/static-eval"
"stream-parser@0.3.1","MIT","https://github.com/TooTallNate/node-stream-parser"
"stream-shift@1.0.3","MIT","https://github.com/mafintosh/stream-shift"
"string-split-by@1.0.0","MIT","https://github.com/dy/string-split-by"
"string_decoder@0.10.31","MIT","https://github.com/rvagg/string_decoder"
"string_decoder@1.1.1","MIT","https://github.com/nodejs/string_decoder"
"strip-json-comments@3.1.1","MIT","https://github.com/sindresorhus/strip-json-comments"
"strongly-connected-components@1.0.1","MIT","https://github.com/mikolalysenko/strongly-connected-components"
"style-loader@4.0.0","MIT","https://github.com/webpack-contrib/style-loader"
"stylis@4.2.0","MIT","https://github.com/thysultan/stylis.js"
"sugarss@4.0.1","MIT","https://github.com/postcss/sugarss"
"supercluster@7.1.5","ISC","https://github.com/mapbox/supercluster"
"supercluster@8.0.1","ISC","https://github.com/mapbox/supercluster"
"superscript-text@1.0.0","MIT","https://github.com/mikolalysenko/superscript-text"
"supports-color@7.2.0","MIT","https://github.com/chalk/supports-color"
"supports-color@8.1.1","MIT","https://github.com/chalk/supports-color"
"supports-preserve-symlinks-flag@1.0.0","MIT","https://github.com/inspect-js/node-supports-preserve-symlinks-flag"
"surface-nets@1.0.2","MIT","https://github.com/mikolalysenko/surface-nets"
"svg-arc-to-cubic-bezier@3.2.0","ISC","https://github.com/colinmeinke/svg-arc-to-cubic-bezier"
"svg-path-bounds@1.0.2","MIT","https://github.com/dfcreative/svg-path-bounds"
"svg-path-sdf@1.1.3","MIT","https://github.com/dy/svg-path-sdf"
"synthetic-dom@1.4.0","ISC","https://github.com/sstur/draft-js-utils/tree/master/packages/synthetic-dom"
"tabbable@6.2.0","MIT","https://github.com/focus-trap/tabbable"
"tailwindcss@4.0.0","MIT","https://github.com/tailwindlabs/tailwindcss"
"tapable@2.2.1","MIT","https://github.com/webpack/tapable"
"terser-webpack-plugin@5.3.11","MIT","https://github.com/webpack-contrib/terser-webpack-plugin"
"terser@5.37.0","BSD-2-Clause","https://github.com/terser/terser"
"text-cache@4.3.0","MIT","https://github.com/gl-vis/text-cache"
"through2@0.6.5","MIT","https://github.com/rvagg/through2"
"through2@2.0.5","MIT","https://github.com/rvagg/through2"
"tinycolor2@1.6.0","MIT","https://github.com/bgrins/TinyColor"
"tinyqueue@2.0.3","ISC","https://github.com/mourner/tinyqueue"
"tinyqueue@3.0.0","ISC","https://github.com/mourner/tinyqueue"
"to-float32@1.1.0","MIT","https://github.com/dy/to-float32"
"to-px@1.0.1","MIT","https://github.com/mikolalysenko/to-px"
"to-regex-range@5.0.1","MIT","https://github.com/micromatch/to-regex-range"
"topojson-client@3.1.0","ISC","https://github.com/topojson/topojson-client"
"tr46@0.0.3","MIT","https://github.com/Sebmaster/tr46.js"
"triangulate-hypercube@1.0.1","MIT","https://github.com/mikolalysenko/triangulate-hypercube"
"triangulate-polyline@1.0.3","MIT","https://github.com/mikolalysenko/triangulate-polyline"
"ts-api-utils@2.0.0","MIT","https://github.com/JoshuaKGoldberg/ts-api-utils"
"tslib@2.8.1","0BSD","https://github.com/Microsoft/tslib"
"turbo-stream@2.4.0","ISC","https://github.com/jacob-ebey/turbo-stream"
"turntable-camera-controller@3.0.1","MIT","https://github.com/mikolalysenko/turntable-camera-controller"
"two-product@1.0.2","MIT","https://github.com/mikolalysenko/two-product"
"two-sum@1.0.0","MIT","https://github.com/mikolalysenko/two-sum"
"type-check@0.4.0","MIT","https://github.com/gkz/type-check"
"type-fest@4.33.0","(MIT OR CC0-1.0)","https://github.com/sindresorhus/type-fest"
"type@2.7.3","ISC","https://github.com/medikoo/type"
"typedarray-pool@1.2.0","MIT","https://github.com/mikolalysenko/typedarray-pool"
"typedarray@0.0.6","MIT","https://github.com/substack/typedarray"
"typescript-eslint@8.21.0","MIT","https://github.com/typescript-eslint/typescript-eslint"
"typescript@5.6.3","Apache-2.0","https://github.com/microsoft/TypeScript"
"typewise-core@1.2.0","MIT","https://github.com/deanlandolt/typewise-core"
"typewise@1.0.3","MIT","https://github.com/deanlandolt/typewise"
"ua-parser-js@0.7.40","MIT","https://github.com/faisalman/ua-parser-js"
"undici-types@6.20.0","MIT","https://github.com/nodejs/undici"
"union-find@0.0.4","MIT","https://github.com/mikolalysenko/union-find"
"union-find@1.0.2","MIT","https://github.com/mikolalysenko/union-find"
"union-value@1.0.1","MIT","https://github.com/jonschlinkert/union-value"
"uniq@1.0.1","MIT","https://github.com/mikolalysenko/uniq"
"unquote@1.1.1","MIT","https://github.com/lakenen/node-unquote"
"update-browserslist-db@1.1.2","MIT","https://github.com/browserslist/update-db"
"update-diff@1.1.0","MIT","https://github.com/dfcreative/update-diff"
"uri-js@4.4.1","BSD-2-Clause","https://github.com/garycourt/uri-js"
"use-callback-ref@1.3.3","MIT","https://github.com/theKashey/use-callback-ref"
"use-composed-ref@1.4.0","MIT","https://github.com/Andarist/use-composed-ref"
"use-isomorphic-layout-effect@1.2.0","MIT","https://github.com/Andarist/use-isomorphic-layout-effect"
"use-latest@1.3.0","MIT","https://github.com/Andarist/use-latest"
"use-sidecar@1.1.3","MIT","https://github.com/theKashey/use-sidecar"
"util-deprecate@1.0.2","MIT","https://github.com/TooTallNate/util-deprecate"
"vectorize-text@3.2.2","MIT","https://github.com/mikolalysenko/vectorize-text"
"vite@6.0.11","MIT","https://github.com/vitejs/vite"
"vt-pbf@3.1.3","MIT","https://github.com/mapbox/vt-pbf"
"warning@4.0.3","MIT","https://github.com/BerkeleyTrue/warning"
"watchpack@2.4.2","MIT","https://github.com/webpack/watchpack"
"weak-map@1.0.8","Apache-2.0","https://github.com/drses/weak-map"
"weakmap-shim@1.1.1","MIT","https://github.com/Raynos/weakmap-shim"
"webgl-context@2.2.0","MIT","https://github.com/mattdesl/webgl-context"
"webidl-conversions@3.0.1","BSD-2-Clause","https://github.com/jsdom/webidl-conversions"
"webpack-sources@3.2.3","MIT","https://github.com/webpack/webpack-sources"
"webpack@5.97.1","MIT","https://github.com/webpack/webpack"
"whatwg-fetch@3.6.20","MIT","https://github.com/github/fetch"
"whatwg-url@5.0.0","MIT","https://github.com/jsdom/whatwg-url"
"which@2.0.2","ISC","https://github.com/isaacs/node-which"
"which@4.0.0","ISC","https://github.com/npm/node-which"
"word-wrap@1.2.5","MIT","https://github.com/jonschlinkert/word-wrap"
"world-calendars@1.0.3","MIT","https://github.com/alexcjohnson/world-calendars"
"wrappy@1.0.2","ISC","https://github.com/npm/wrappy"
"ws@7.4.6","MIT","https://github.com/websockets/ws"
"xtend@2.2.0","MIT","https://github.com/Raynos/xtend"
"xtend@4.0.2","MIT","https://github.com/Raynos/xtend"
"yallist@3.1.1","ISC","https://github.com/isaacs/yallist"
"yaml@1.10.2","ISC","https://github.com/eemeli/yaml"
"yaml@2.7.0","ISC","https://github.com/eemeli/yaml"
"yocto-queue@0.1.0","MIT","https://github.com/sindresorhus/yocto-queue"
"zero-crossings@1.0.1","MIT","https://github.com/mikolalysenko/zero-crossings"